{
  "batch_size": 64,
  "guardrail": {
    "meta": {
      "attn_implementation": "eager",
      "batch_size": 64,
      "device": "cuda",
      "dtype": "float32",
      "elapsed_seconds": 23.126826524734497,
      "max_length": 512,
      "model_id": "/models/guardrail_code_models/modernbert-language-v4-clean",
      "num_labels": 107,
      "tokenizer_id": "/models/guardrail_code_models/modernbert-language-v4-clean"
    },
    "summary": {
      "accuracy": 0.9443899247628393,
      "macro_f1": 0.9636369026048592,
      "macro_precision": 0.9799045978764889,
      "macro_recall": 0.9484405285726651,
      "num_samples": 3057,
      "per_label": {
        "ARM Assembly": {
          "f1": 1.0,
          "precision": 1.0,
          "recall": 1.0,
          "support": 21
        },
        "AppleScript": {
          "f1": 0.988095238095238,
          "precision": 1.0,
          "recall": 0.9764705882352941,
          "support": 85
        },
        "C": {
          "f1": 0.9059233449477352,
          "precision": 0.9285714285714286,
          "recall": 0.8843537414965986,
          "support": 147
        },
        "C#": {
          "f1": 0.9516129032258065,
          "precision": 0.9915966386554622,
          "recall": 0.9147286821705426,
          "support": 129
        },
        "C++": {
          "f1": 0.9236111111111113,
          "precision": 0.9568345323741008,
          "recall": 0.8926174496644296,
          "support": 149
        },
        "COBOL": {
          "f1": 0.9787234042553191,
          "precision": 1.0,
          "recall": 0.9583333333333334,
          "support": 72
        },
        "Erlang": {
          "f1": 0.9852216748768472,
          "precision": 0.9900990099009901,
          "recall": 0.9803921568627451,
          "support": 102
        },
        "Fortran": {
          "f1": 0.981651376146789,
          "precision": 0.981651376146789,
          "recall": 0.981651376146789,
          "support": 109
        },
        "Go": {
          "f1": 0.9851632047477745,
          "precision": 0.9822485207100592,
          "recall": 0.9880952380952381,
          "support": 168
        },
        "Java": {
          "f1": 0.9348659003831418,
          "precision": 0.9242424242424242,
          "recall": 0.9457364341085271,
          "support": 129
        },
        "JavaScript": {
          "f1": 0.9655172413793103,
          "precision": 0.9824561403508771,
          "recall": 0.9491525423728814,
          "support": 118
        },
        "Kotlin": {
          "f1": 0.9752650176678445,
          "precision": 0.9928057553956835,
          "recall": 0.9583333333333334,
          "support": 144
        },
        "Lua": {
          "f1": 0.9800796812749004,
          "precision": 1.0,
          "recall": 0.9609375,
          "support": 128
        },
        "Mathematica/Wolfram Language": {
          "f1": 0.9770491803278688,
          "precision": 1.0,
          "recall": 0.9551282051282052,
          "support": 156
        },
        "PHP": {
          "f1": 0.970059880239521,
          "precision": 0.9642857142857143,
          "recall": 0.9759036144578314,
          "support": 83
        },
        "Pascal": {
          "f1": 0.9480968858131488,
          "precision": 0.9856115107913669,
          "recall": 0.9133333333333333,
          "support": 150
        },
        "Perl": {
          "f1": 0.927710843373494,
          "precision": 0.9333333333333333,
          "recall": 0.9221556886227545,
          "support": 167
        },
        "PowerShell": {
          "f1": 0.9523809523809524,
          "precision": 0.989010989010989,
          "recall": 0.9183673469387755,
          "support": 98
        },
        "Python": {
          "f1": 0.9719626168224299,
          "precision": 0.9629629629629629,
          "recall": 0.9811320754716981,
          "support": 159
        },
        "R": {
          "f1": 0.9717514124293786,
          "precision": 0.9885057471264368,
          "recall": 0.9555555555555556,
          "support": 90
        },
        "Ruby": {
          "f1": 0.9438202247191011,
          "precision": 0.9767441860465116,
          "recall": 0.9130434782608695,
          "support": 138
        },
        "Rust": {
          "f1": 0.9830508474576272,
          "precision": 0.9830508474576272,
          "recall": 0.9830508474576272,
          "support": 118
        },
        "Scala": {
          "f1": 0.9501915708812261,
          "precision": 1.0,
          "recall": 0.9051094890510949,
          "support": 137
        },
        "Swift": {
          "f1": 0.9693877551020409,
          "precision": 0.979381443298969,
          "recall": 0.9595959595959596,
          "support": 99
        },
        "Visual Basic .NET": {
          "f1": 0.956989247311828,
          "precision": 1.0,
          "recall": 0.9175257731958762,
          "support": 97
        },
        "jq": {
          "f1": 0.9763779527559054,
          "precision": 0.9841269841269841,
          "recall": 0.96875,
          "support": 64
        }
      },
      "weighted_f1": 0.9602679198933248
    }
  },
  "max_chars": 512,
  "max_length": 512,
  "num_original_rows": 8906,
  "num_restricted_rows": 3057,
  "philomath": {
    "meta": {
      "attn_implementation": null,
      "batch_size": 64,
      "device": "cuda",
      "dtype": "float32",
      "elapsed_seconds": 7.3584558963775635,
      "max_length": 512,
      "model_id": "philomath-1209/programming-language-identification",
      "num_labels": 26,
      "tokenizer_id": "philomath-1209/programming-language-identification"
    },
    "summary": {
      "accuracy": 0.844946025515211,
      "macro_f1": 0.8444709154807153,
      "macro_precision": 0.8540953604036488,
      "macro_recall": 0.8533934740779026,
      "num_samples": 3057,
      "per_label": {
        "ARM Assembly": {
          "f1": 0.6461538461538462,
          "precision": 0.4772727272727273,
          "recall": 1.0,
          "support": 21
        },
        "AppleScript": {
          "f1": 0.9316770186335402,
          "precision": 0.9868421052631579,
          "recall": 0.8823529411764706,
          "support": 85
        },
        "C": {
          "f1": 0.7616099071207431,
          "precision": 0.6988636363636364,
          "recall": 0.8367346938775511,
          "support": 147
        },
        "C#": {
          "f1": 0.7826086956521737,
          "precision": 0.6882352941176471,
          "recall": 0.9069767441860465,
          "support": 129
        },
        "C++": {
          "f1": 0.7891156462585034,
          "precision": 0.8,
          "recall": 0.7785234899328859,
          "support": 149
        },
        "COBOL": {
          "f1": 0.7630057803468208,
          "precision": 0.6534653465346535,
          "recall": 0.9166666666666666,
          "support": 72
        },
        "Erlang": {
          "f1": 0.7150837988826816,
          "precision": 0.8311688311688312,
          "recall": 0.6274509803921569,
          "support": 102
        },
        "Fortran": {
          "f1": 0.788177339901478,
          "precision": 0.851063829787234,
          "recall": 0.7339449541284404,
          "support": 109
        },
        "Go": {
          "f1": 0.9380530973451328,
          "precision": 0.9298245614035088,
          "recall": 0.9464285714285714,
          "support": 168
        },
        "Java": {
          "f1": 0.8124999999999999,
          "precision": 0.7358490566037735,
          "recall": 0.9069767441860465,
          "support": 129
        },
        "JavaScript": {
          "f1": 0.8559322033898306,
          "precision": 0.8559322033898306,
          "recall": 0.8559322033898306,
          "support": 118
        },
        "Kotlin": {
          "f1": 0.8759689922480621,
          "precision": 0.9912280701754386,
          "recall": 0.7847222222222222,
          "support": 144
        },
        "Lua": {
          "f1": 0.8669527896995708,
          "precision": 0.9619047619047619,